Document Title,Authors,Publication Title,Publication Year,DOI
"3rd International Conference on Innovative Technologies and Learning, ICITL 2020",[No author name available],Lecture Notes in Computer Science (including subseries Lecture Notes in Artificial Intelligence and Lecture Notes in Bioinformatics),2020,
A COLLABORATIVE GAMIFICATION DESIGN FRAMEWORK IN AN EDUCATIONAL CONTEXT,"Saggah, A; Campion, R; Stanier, C","11TH INTERNATIONAL CONFERENCE OF EDUCATION, RESEARCH AND INNOVATION (ICERI2018)",2018,
A comparative study about mobile learning in Iberian Peninsula Universities: Are professors ready?,"Moreira, F., Pereira, C.S., Durão, N., Ferreira, M.J.",Telematics and Informatics,2018,10.1016/j.tele.2017.09.010
"A comparative study about mobile learning with gamification and augmented reality in high education instituitions across South Europe, South America, and Asia countries",N. DurÃ£o; F. Moreira; M. J. Ferreira; C. S. Pereira; N. Annamalai,2019 14th Iberian Conference on Information Systems and Technologies (CISTI),2019,10.23919/CISTI.2019.8760854
A gamified system for learning enterprise resource planning systems: Investigating the user experience,"Mloza-Banda, C., Scholtz, B.","2017 1st International Conference on Next Generation Computing Applications, NextComp 2017",2017,10.1109/NEXTCOMP.2017.8016200
An exploratory study of gamified classroom via Prezi,W. S. Yue,2015 4th International Conference on Interactive Digital Media (ICIDM),2015,10.1109/IDM.2015.7516321
Application of the Educational Game to Enhance Student Learning,"Cheung, SY; Ng, KY",FRONTIERS IN EDUCATION,2021,10.3389/feduc.2021.623793
Are university professors of the South American countries preparing students for digital transformation?,"Moreira, F., Durão, N., Pereira, C.S., Ferreira, M.J.",Advances in Intelligent Systems and Computing,2018,10.1007/978-3-319-77712-2_124
Are we ready for Gamification? An exploratory analysis in a developing country,"Ofosu-Ampong, K., Boateng, R., Anning-Dorson, T., Kolog, E.A.",Education and Information Technologies,2020,10.1007/s10639-019-10057-7
Assistive Technologies: Saviour of Mathematics in Higher Education,"Reddy, P., Reddy, E., Chand, V., Paea, S., Prasad, A.",Frontiers in Applied Mathematics and Statistics,2021,10.3389/fams.2020.619725
Barriers to the Use of Games-Based Learning in Pre-School Settings,"Manesis, D",INTERNATIONAL JOURNAL OF GAME-BASED LEARNING,2020,10.4018/IJGBL.2020070103
BioTourney: Gamifying a biology class by applying a content-independent learning game framework,"Schoenenberger, C.-A., Korkut, S., Jaeger, J., Dornberger, R.",Proceedings of the European Conference on Games-based Learning,2016,
Chemical Battleship: Discovering and Learning the Periodic Table Playing a Didactic and Strategic Board Game,"Bernardo, JMM; Gonzalez, AF",JOURNAL OF CHEMICAL EDUCATION,2021,10.1021/acs.jchemed.0c00553
Development and Evaluation of a Computer Detective Game for Microbial Food Safety Education,"Hsiao, HS; Tsai, FH; Hsu, IY",JOURNAL OF EDUCATIONAL COMPUTING RESEARCH,2020,10.1177/0735633120924924
Development and validation of a questionnaire on motivation for cooperative playful learning strategies,"Manzano-León, A., Camacho-Lazarraga, P., Guerrero-Puerta, M.A., Guerrero-Puerta, L., Alias, A., Aguilar-Parra, J.M., Trigueros, R.",International Journal of Environmental Research and Public Health,2021,10.3390/ijerph18030960
DIGITAL GAME-BASED LEARNING FOR THE NET GENERATION: PERCEPTIONS OF UNIVERSITY STUDENTS,"Roodt, S; Saunders, B",9TH INTERNATIONAL CONFERENCE ON EDUCATION AND NEW LEARNING TECHNOLOGIES (EDULEARN17),2017,
Distance Education during COVID-19 Pandemic: The Perceptions and Preference of University Students in Malaysia Towards Online Learning,"Razami, HH; Ibrahim, R",INTERNATIONAL JOURNAL OF ADVANCED COMPUTER SCIENCE AND APPLICATIONS,2021,
DOES GAMIFICATION ENHANCE TEAM WORK QUALITY AMONG HEALTH SCIENCES UNDERGRADUATES?,"Martin-Hernandez, P; Gil-Lacruz, AI; Azkue-Beteta, JL; Gil-Lacruz, M",EDULEARN19: 11TH INTERNATIONAL CONFERENCE ON EDUCATION AND NEW LEARNING TECHNOLOGIES,2019,
Does one size fit all? Investigating the effect of group size and gamification on learners’ behaviors in higher education,"Ahmad, A., Zeeshan, F., Marriam, R., Samreen, A., Ahmed, S.",Journal of Computing in Higher Education,2020,10.1007/s12528-020-09266-8
Educational computer games and Gamification at the higher education - student's points of view,D. Tuparova; G. Tuparov; D. Orozova,"2020 43rd International Convention on Information, Communication and Electronic Technology (MIPRO)",2020,10.23919/MIPRO48935.2020.9245251
"Effects of theRango Cardsgame intervention on food consumption, nutritional knowledge and self-efficacy in the adoption of healthy eating practices of high school students: a cluster randomised controlled trial","Chagas, CMD; Melo, GRS; Botelho, RBA; Toral, N",PUBLIC HEALTH NUTRITION,2020,10.1017/S1368980020000531
Enhancing perceived digital literacy skills and creative self-concept through gamified learning environments: Insights from a longitudinal study,"Alt, D; Raichel, N",INTERNATIONAL JOURNAL OF EDUCATIONAL RESEARCH,2020,10.1016/j.ijer.2020.101561
Evaluation of a 3D Physics Classroom with Myo Gesture Control Armband and Unity,"Brillantes, NP; Kim, H; Feria, R; Solamo, MR; Figueroa, LL","2017 8TH INTERNATIONAL CONFERENCE ON INFORMATION, INTELLIGENCE, SYSTEMS & APPLICATIONS (IISA)",2017,
EVALUATION OF A GAMIFICATION METHODOLOGY IN HIGHER EDUCATION,"Lopes, RP; Mesquita, C",EDULEARN15: 7TH INTERNATIONAL CONFERENCE ON EDUCATION AND NEW LEARNING TECHNOLOGIES,2015,
Evaluation of a gamified e-learning platform to improve traffic safety among elementary school pupils in Belgium,"Riaz, MS; Cuenen, A; Janssens, D; Brijs, K; Wets, G",PERSONAL AND UBIQUITOUS COMPUTING,2019,10.1007/s00779-019-01221-4
Examining the effects of leaderboards in gamified learning environment,"Bai, S.","ICCE 2019 - 27th International Conference on Computers in Education, Proceedings",2019,
"EXPLORING FOREIGN LANGUAGE UNDERGRADUATE STUDENTS' PERCEPTIONS, EXPECTATIONS AND ATTITUDES AS A PRIOR STEP FOR GAMIFICATION DESIGN IN HIGHER EDUCATION","Sanchez-Perez, MM; Trigueros, IR","12th Annual International Conference of Education, Research and Innovation (ICERI)",2019,
Field guide to gamification: Game components and motivation in higher education,"Lenz, L., Stehling, V., Haberstroh, M., Isenhardt, I.","Proceedings of the International Conference on e-Learning, ICEL",2018,
Finding trafficked children through crowdsourcing: a usability evaluation,"Goh, DHL; Lee, CS; Zhou, Q; Guo, H",ASLIB JOURNAL OF INFORMATION MANAGEMENT,2021,10.1108/AJIM-08-2020-0254
"From Skeptics to Advanced Adopters: Investigating Digital Game Adoption Practices, Challenges and Needs of Teachers in Swedish Schools","Mathe, M; Verhagen, H; Wiklund, M","GAMES AND LEARNING ALLIANCE, GALA 2019",2019,10.1007/978-3-030-34350-7_8
Fun and games in higher education: an analysis of UK student perspectives,"Whitton, N., Langan, M.",Teaching in Higher Education,2019,10.1080/13562517.2018.1541885
Game-based e-learning for urban tourism education through an online scenario game,"Chan, CS; Chan, YH; Fong, THA",INTERNATIONAL RESEARCH IN GEOGRAPHICAL AND ENVIRONMENTAL EDUCATION,2020,10.1080/10382046.2019.1698834
Game-Based Learning for Competency Abilities in Blended Museum Contexts for Diverse Learners,"Hsu, TY; Liang, HY; Chen, JM",PROCEEDINGS OF THE 13TH INTERNATIONAL CONFERENCE ON GAME BASED LEARNING (ECGBL 2019),2019,10.34190/GBL.19.025
Game-Based Learning in Virtual Worlds: A Multiuser Online Game for Medical Undergraduate Radiology Education within Second Life,"Lorenzo-Alvarez, R; Rudolphi-Solero, T; Ruiz-Gomez, MJ; Sendra-Portero, F",ANATOMICAL SCIENCES EDUCATION,2020,10.1002/ase.1927
Game-based student response systems: The impact of Kahoot in a chilean vocational higher education EFL classroom,"Cárdenas-Moncada, C., Véliz-Campos, M., Véliz, L.",CALL-EJ,2020,
GAMES HIT THE BOOKS: HOW PHYSICAL GAMES CAN IMPROVE HIGHER EDUCATION STUDENTS' CLASS-ENGAGEMENT AND LEARNING OUTCOMES,"Mattera, M; Baena, V; Pinto, A","ICERI2016: 9TH INTERNATIONAL CONFERENCE OF EDUCATION, RESEARCH AND INNOVATION",2016,
Games Literacy for Teacher Education: Towards the Implementation of Game-based Learning,"Chen, S; Zhang, SJ; Qi, GY; Yang, JF",EDUCATIONAL TECHNOLOGY & SOCIETY,2020,
GAMIFICATION AND ACTIVE METHODOLOGIES AT UNIVERSITY: THE CASE OF TEACHING LEARNING STRATEGY IN LAW,"Castilhos, DS","11TH INTERNATIONAL CONFERENCE OF EDUCATION, RESEARCH AND INNOVATION (ICERI2018)",2018,
GAMIFICATION AND EXPERIENCE OF USING COMPUTER GAMES IN TEACHING PHILOSOPHY IN TECHNICAL INSTITUTIONS OF HIGHER EDUCATION,"Rybka, NM",INFORMATION TECHNOLOGIES AND LEARNING TOOLS,2018,10.33407/itlt.v67i5.2108
Gamification and transmedia in interdisciplinary contexts: A didactic intervention for the primary school classroom,"Ruiz-Banuls, M; Gomez-Trigueros, IM; Rovira-Collado, J; Rico-Gomez, ML",HELIYON,2021,10.1016/j.heliyon.2021.e07374
Gamification as a pedagogical ally in the academic processes of university programs [La gamificación como un aliado pedagógico en los procesos académicos de los programas universitarios],"Zabaleta, J.M.O., Espinosa, M.T.S., Ochoa, J.Y.J., Góngora, J.D.V., Rojas, D.E.Q.",RISTI - Revista Iberica de Sistemas e Tecnologias de Informacao,2021,
Gamification in higher education: Impact on student motivation and the acquisition of social and civic key competencies,"Campillo-Ferrer, J.-M., Miralles-Martínez, P., Sánchez-Ibáñez, R.",Sustainability (Switzerland),2020,10.3390/SU12124822
Gamification Model for Developing E-Learning in Libyan Higher Education,"Al Ghawail, E.A., Ben Yahia, S., Alrzini, J.R.","Smart Innovation, Systems and Technologies",2021,10.1007/978-981-16-2834-4_9
Gamification support for learning in spatial computing environments,"Hensen, B., Koren, I., Klamma, R.",Journal of Universal Computer Science,2019,
GAMIFICATION THROUGH MOBILE DEVICES: A LEARNING DESIGN AIMED AT SELF-REGULATED LEARNING,"Tur, G; Rossello, MR; Pinya, C",9TH INTERNATIONAL CONFERENCE ON EDUCATION AND NEW LEARNING TECHNOLOGIES (EDULEARN17),2017,
Gamified E-Reading Experiences and Their Impact on Reading Comprehension and Attitude in EFL Classes,"Kaban, AL",INTERNATIONAL JOURNAL OF MOBILE AND BLENDED LEARNING,2021,10.4018/IJMBL.2021070105
Gamifying education: Motivation and the implementation of digital badges for use in higher education,"Delello, J.A., Hawley, H., McWhorter, R.R., Gipson, C.S., Deal, B.",International Journal of Web-Based Learning and Teaching Technologies,2018,10.4018/IJWLTT.2018100102
Health Worker Focused Distributed Simulation for Improving Capability of Health Systems in Liberia,"Gale, TCE; Chatterjee, A; Mellor, NE; Allan, RJ",SIMULATION IN HEALTHCARE-JOURNAL OF THE SOCIETY FOR SIMULATION IN HEALTHCARE,2016,10.1097/SIH.0000000000000156
How Learning in Business Games can be Evaluated,"Zeiner-Fink, S; Feldhoff, A; Bullinger, A",PROCEEDINGS OF THE 13TH INTERNATIONAL CONFERENCE ON GAME BASED LEARNING (ECGBL 2019),2019,10.34190/GBL.19.052
IMPACT ON THE STUDENTS LEARNING OF A TEACHING INNOVATION PROGRAM AT THE UNIVERSITY OF BARCELONA,"Medina, JL; Jarauta, B; Calduch, I; Hervas, G",EDULEARN19: 11TH INTERNATIONAL CONFERENCE ON EDUCATION AND NEW LEARNING TECHNOLOGIES,2019,
Implementation of Game-based Learning in Higher Education: an example in HR Management,"Mas-Machuca, M; Jordan, A; Tresserres, C",5TH INTERNATIONAL CONFERENCE ON HIGHER EDUCATION ADVANCES (HEAD'19),2019,10.4995/HEAd19.2019.9369
IMPLEMENTING EXIT TICKETS COMBINED WITH GAMIFICATION TOOLS: IMPACT ON STUDENTS' PERCEPTIONS AND TESTING PERFORMANCE,"Moreira, LF","13TH INTERNATIONAL TECHNOLOGY, EDUCATION AND DEVELOPMENT CONFERENCE (INTED2019)",2019,
Implications of gamification in Higher Education: a systematic review of student perception,"Palomino, MDP",Jan 2021 | RIE-REVISTA DE INVESTIGACION EDUCATIVA,2021,10.6018/rie.419481
Improving higher education teaching: introduction of active learning methodologies in behavioral sciences,"Cano-Lopez, I; Hidalgo, V; Gonzalez-Bono, E",REIDOCREA-REVISTA EECTRONICA DE INVESTIGACION Y DOCENCIA CREATIVA,2019,
Innovating higher education via game-based learning on misconceptions,"Belova, N., Zowada, C.",Education Sciences,2020,10.3390/educsci10090221
Investigating the feasibility of using assessment and explanatory feedback in desktop virtual reality simulations,"Makransky, G; Mayer, R; Noremolle, A; Cordoba, AL; Wandall, J; Bonde, M",ETR&D-EDUCATIONAL TECHNOLOGY RESEARCH AND DEVELOPMENT,2020,10.1007/s11423-019-09690-3
"IP-Please, Design and Development of an Educational Game on IT Security","Mozelius, P; Lesley, C; Olsson, O",PROCEEDINGS OF THE 10TH EUROPEAN CONFERENCE ON GAMES BASED LEARNING,2016,
Learners' Attitudes Towards Extended-Blended Learning Experience Based on the S2P Learning Model,"Bahji, SE; El Alami, J; Lefdaoui, Y",INTERNATIONAL JOURNAL OF ADVANCED COMPUTER SCIENCE AND APPLICATIONS,2015,
Learning IS child's play: Game-based learning in computer science education,"Hosseini, H., Hartt, M., Mostafapour, M.",ACM Transactions on Computing Education,2019,10.1145/3282844
Leveling Up for the Teacher-Practitioner Design and Implementation of a Gamified Application,"McFarland, J",SCHOOLS-STUDIES IN EDUCATION,2020,10.1086/708359
Making data playable: A game co-creation method to promote creative data literacy,"Werning, S.",Journal of Media Literacy Education,2020,10.23860/JMLE-2020-12-3-8
MAKING GEOPOLITICS FUN WITH TECHNOLOGICAL INNOVATION,"Pachon, L",EDULEARN15: 7TH INTERNATIONAL CONFERENCE ON EDUCATION AND NEW LEARNING TECHNOLOGIES,2015,
MOBILE LEARNING WITH GAMIFICATION AND AUGMENTED REALITY IN PORTUGUESE HIGH EDUCATION,"Moreira, F; Durao, N; Pereira, CS; Ferreira, MJ",9TH INTERNATIONAL CONFERENCE ON EDUCATION AND NEW LEARNING TECHNOLOGIES (EDULEARN17),2017,
Motivational influences for higher education (HE) students,"Costello, R., Lambert, M.",International Journal of Online Pedagogy and Course Design,2019,10.4018/IJOPCD.2019010103
Non-digital game-based learning in higher education: A teacher's perspective,"Naik, N.",Proceedings of the European Conference on Games-based Learning,2015,
Online game-based formative assessment: Distant learners post graduate students? positive perceptions towards quizizz,"Mohamad, M., Arif, F.K.M., Noor, N.M.",International Journal of Scientific and Technology Research,2020,
"Parental practices, preferences, skills and attitudes on food consumption of pre-school children: Results from Nutriscience Project","Almeida, C., Azevedo, J., Rio, M.J.G., Barros, R., Severo, M., Padraõ, P.",PLoS ONE,2021,10.1371/journal.pone.0251620
Perception of nursing students about the implementation of GREENS (c) methodology in nursing studies,"Jimenez-Rodriguez, D; Garcia, TB; Luque, VA",NURSE EDUCATION TODAY,2020,10.1016/j.nedt.2020.104495
"Pharmacy student experience, preference, and perceptions of gaming and game-based learning","Ng, S.-F., Anak Dawie, D.D.S., Chong, W.-W., Jamal, J.A., Abd. Rahman, S.N.A., Jamal, J.I.",Currents in Pharmacy Teaching and Learning,2021,10.1016/j.cptl.2021.01.019
POTENTIAL OF AUGMENTED REALITY IN SCIENCES EDUCATION A LITERATURE REVIEW,"Swensen, H","ICERI2016: 9TH INTERNATIONAL CONFERENCE OF EDUCATION, RESEARCH AND INNOVATION",2016,
Problem-Based Learning to Align Theory and Practice in Software Testing Teaching,"Cheiran, J.F.P., Rodrigues, D.E.M., Carvalho, D.E.L.S., Da Silva, J.P.S.",ACM International Conference Proceeding Series,2017,10.1145/3131151.3131181
Promoting children's inquiry performances in alternate reality games: A mobile concept mapping-based questioning approach,"Liang, HY; Hsu, TY; Hwang, GJ",BRITISH JOURNAL OF EDUCATIONAL TECHNOLOGY,,10.1111/bjet.13095
Promoting Education for Sustainability Through Game-Based Learning: Using the Sustainable Strategies Game to Improve Students’ Knowledge and Skills of Sustainable Business Practices,"Emblen-Perry, K.",World Sustainability Series,2018,10.1007/978-3-319-63007-6_51
"Results of a postural education program, with a gamified intervention vs traditional intervention","Serrano-Dura, J; Gonzalez, AC; Rodriguez-Negro, J; Garcia, CM",SPORTIS-SCIENTIFIC TECHNICAL JOURNAL OF SCHOOL SPORT PHYSICAL EDUCATION AND PSYCHOMOTRICITY,2021,10.17979/sportis.2021.7.2.7529
Room Escape: Gamification Proposal in the Physiotherapy Degree,"Sanchez, CJ; Ureta, RL; Lucas, MO; Bruton, L; Luna, VM",CONGRESO NACIONAL DE INNOVACION EDUCATIVA Y DOCENCIA EN RED (IN RED 2017),2017,10.4995/INRED2017.2017.6855
SERIOUS GAMES IN HIGHER EDUCATION: STUDENTS' PERCEPTIONS - THE CASE OF SCHOOL OF FRENCH OF ARISTOTLE UNIVERSITY OF THESSALONIKI,"Krystalli, P; Arvanitis, P",EDULEARN18: 10TH INTERNATIONAL CONFERENCE ON EDUCATION AND NEW LEARNING TECHNOLOGIES,2018,
Student attitudes to games-based skills development: Learning from video games in higher education,"Barr, M.",Computers in Human Behavior,2018,10.1016/j.chb.2017.11.030
Student experience of gamified learning: A qualitative approach,"Clements, A.J., Ahmed, S., Henderson, B.","Proceedings of the 11th European Conference on Games Based Learning, ECGBL 2017",2017,
Student perceptions of gamified audience response system interactions in large group lectures and via lecture capture technology Approaches to teaching and learning,"Pettit, R.K., McCoy, L., Kinney, M., Schwartz, F.N.",BMC Medical Education,2015,10.1186/s12909-015-0373-7
Student's perception about gamification in higher education,"Monzonis, NC; Ariza, AC; Mendez, VG; Magana, EC",2021 | REIDOCREA-REVISTA EECTRONICA DE INVESTIGACION Y DOCENCIA CREATIVA 10,2021,10.30827/Digibug.66757
Student’s perception on entrepreneurial education programs for graduate startups in selected asean universities,"Sarmila, M.S., Ramlee, S., Sabarudin, A., Arsad, N., Nor, M.M., Batcha, Z.K., Ramli, N.A., Nordin, A.I.",Lecture Notes in Computer Science (including subseries Lecture Notes in Artificial Intelligence and Lecture Notes in Bioinformatics),2019,10.1007/978-3-030-34032-2_48
Students' Inclinations Towards Games and Perceptions of Game-Based Learning (GBL),"Ariffin, MM; Oxley, A; Sulaiman, S",2014 INTERNATIONAL CONFERENCE ON COMPUTER AND INFORMATION SCIENCES (ICCOINS),2014,
Students' Perception of Gamification in Higher Education Courses,"Rajsp, A; Beranic, T; Hericko, M; Horng-Jyh, PW",28th Central European Conference on Information and Intelligent Systems (CECIIS),2017,
Students’ perceptions of Kahoot!: An exploratory mixed-method study in EFL undergraduate classrooms in the UAE,"Alawadhi, A., Abu-Ayyash, E.A.S.",Education and Information Technologies,2021,10.1007/s10639-020-10425-8
The effect of integrating Kahoot! and peer instruction in the Spanish flipped classroom: the student perspective,"Ruiz, C.G.",Journal of Spanish Language Teaching,2021,10.1080/23247797.2021.1913832
The evaluation of different gaming modes and feedback types on game-based formative assessment in an online learning environment,"Tsai, FH; Tsai, CC; Lin, KY",COMPUTERS & EDUCATION,2015,10.1016/j.compedu.2014.10.013
The gamification in the development of information literacy from the perspective of university students [La gamificación en el desarrollo de la alfabetización informacional desde la perspectiva de los estudiantes universitarios],"Flores-Bueno, D., Limaymanta, C.H., Uribe-Tirado, A.",Revista Interamericana de Bibliotecologia,2021,10.17533/UDEA.RIB.V44N2E342687
The impacts of gameplay anonymity and competition/cooperation mode on a multiplayer educational game,"Lo, J.-J., Lin, Y.-J.","Proceedings of the 23rd International Conference on Computers in Education, ICCE 2015",2015,
THE ROLE OF COMPETITION AND REWARD REGARDING STUDENT MOTIVATION IN THE GAMIFICATION PROCESS OF DIFFERENT AGE GROUPS,"Aleksic-Maslac, K; Sinkovic, B; Vranesic, P",EDULEARN18: 10TH INTERNATIONAL CONFERENCE ON EDUCATION AND NEW LEARNING TECHNOLOGIES,2018,
The state of mobile learning supported by gamification and augmented reality in higher education institutions across three continents,"Durao, N; Moreira, F; Ferreira, MJ; Pereira, CS; Annamalai, N",REVISTA EDAPECI-EDUCACAO A DISTANCIA E PRATICAS EDUCATIVAS COMUNICACIONAIS E INTERCULTURAIS,2020,10.29276/redapeci.2020.20.112211.130-147
"The transportability of a game-based learning approach to undergraduate mechanical engineering education: Effects on student conceptual understanding, engagement, and experience","Shernoff, D.J., Ryu, J.-C., Ruzek, E., Coller, B., Prantil, V.",Sustainability (Switzerland),2020,10.3390/su12176986
The use of gamification in higher technical education: perception of university students on innovative teaching materials,"Fernandez-Antolin, MM; del Rio, JM; Gonzalez-Lezcano, RA",INTERNATIONAL JOURNAL OF TECHNOLOGY AND DESIGN EDUCATION,2020,10.1007/s10798-020-09583-0
THE USE OF MOBILE DEVICES IN FOREIGN LANGUAGE TEACHING IN THE TOURISM AREA: A PEDAGOGICAL PROPOSAL,"Cardoso, P; Perez, N","11TH INTERNATIONAL CONFERENCE OF EDUCATION, RESEARCH AND INNOVATION (ICERI2018)",2018,
TO THE QUESTION OF THE USE OF MOBILE EDUCATIONAL GAME APPS AS A SIMULATOR IN RUSSIAN LANGUAGE TEACHING,"Maev, IA; Zhiltsov, VA",PHILOLOGICAL CLASS,2021,
"Trends and research issues of mobile learning studies in hospitality, leisure, sport and tourism education: a review of academic publications from 2002 to 2017","Tu, YF; Hwang, GJ",INTERACTIVE LEARNING ENVIRONMENTS,2020,10.1080/10494820.2018.1528285
Turn your classroom into a gameshow with a game-based student response system,"Nicolaidou, I.",Proceedings of the European Conference on Games-based Learning,2018,
Use of audiogames as a strategic tool for teaching English as a Foreign Language skills in Ecuadorian higher education,"Cabrera-Solano, P., Castillo-Cuesta, L., Jaramillo, A.","Proceedings of the 15th Latin American Conference on Learning Technologies, LACLO 2020",2020,10.1109/LACLO50806.2020.9381160
Use of Quantitative Content Analysis to Redesign the University Physical Education Course Based on Students' Reflections,"Nakazawa, K; Nishihara, Y",PROCEEDINGS OF 2019 7TH INTERNATIONAL CONFERENCE ON INFORMATION AND EDUCATION TECHNOLOGY (ICIET 2019),2019,10.1145/3323771.3323783
Using a Location-Based AR Game in Environmental Engineering,"Söbke, H., Baalsrud Hauge, J., Stefan, I.A., Stefan, A.",Lecture Notes in Computer Science (including subseries Lecture Notes in Artificial Intelligence and Lecture Notes in Bioinformatics),2019,10.1007/978-3-030-34644-7_47
USING A SIMULATION ENTERPRISE GAME TO DEVELOP IMPORTANT ABILITIES IN ACCOUNTING STUDENTS OF A BRAZILIAN HIGHER EDUCATION INSTITUTION,"Durso, SD; Reginato, L; Cornacchione, EB","INTED2017: 11TH INTERNATIONAL TECHNOLOGY, EDUCATION AND DEVELOPMENT CONFERENCE",2017,
Using Gameplay Patterns to Gamify Learning Experiences,"Fabricatore, C; Lopez, X","PROCEEDINGS OF THE 8TH EUROPEAN CONFERENCE ON GAMES BASED LEARNING (ECGBL 2014), VOLS 1 AND 2",2014,
Virtual Humans for Temperature Visualization in a Tangible Augmented Reality Educational Game,"Ferrer, V; Perdomo, A; Ali, HR; Fies, C; Quarles, J",2017 IEEE VIRTUAL REALITY WORKSHOP ON K-12 EMBODIED LEARNING THROUGH VIRTUAL & AUGMENTED REALITY (KELVAR),2017,
VIRTUALIZATION OF TEACHING IN HIGHER EDUCATION: A CLEAR DIVERGENCE BETWEEN STUDENTS' AND TEACHERS' VIEWS AND PERCEPTIONS,"Simon, S; Daunis-i-Estadella, P; Montoro, L; Estebanell, M; Verdu, E; Duran, M; Duran, J; Macaya, D","12TH INTERNATIONAL CONFERENCE OF EDUCATION, RESEARCH AND INNOVATION (ICERI2019)",2019,
What do higher education students have to say about gamification?,"Costa, F.A., Viana, J., Raleiras, M.",Advances in Intelligent Systems and Computing,2021,10.1007/978-3-030-52287-2_6
WORKING EFFECTIVELY WITH OTHERS THROUGH GAME BASED LEARNING,"Martin-Hernandez, P; Azkue-Beteta, JL; Gil-Lacruz, M; Gil-Lacruz, AI",EDULEARN19: 11TH INTERNATIONAL CONFERENCE ON EDUCATION AND NEW LEARNING TECHNOLOGIES,2019,
